,,packet_loss_pct,packet_loss_pct,packet_loss_pct,packet_loss_pct,pdr_pct,pdr_pct,pdr_pct,pdr_pct,avg_delay,avg_delay,avg_delay,avg_delay,throughput_kbps,throughput_kbps,throughput_kbps,throughput_kbps,recovery_time,recovery_time,recovery_time,recovery_time
,,mean,std,min,max,mean,std,min,max,mean,std,min,max,mean,std,min,max,mean,std,min,max
scenario,routing_mode,,,,,,,,,,,,,,,,,,,,
1_Normal_No_Failure,self_healing,0.0,0.0,0.0,0.0,100.0,0.0,100.0,100.0,2.0,0.0,2.0,2.0,38.5,0.0,38.5,38.5,0.0,0.0,0.0,0.0
2_Standard_Self_Healing,self_healing,9.42,0.0,9.42,9.42,90.58,0.0,90.58,90.58,2.33,0.0,2.33,2.33,34.13,0.0,34.13,34.13,1.05,0.0,1.05,1.05
3_Standard_Static_Baseline,static,70.55,0.0,70.55,70.55,29.45,0.0,29.45,29.45,2.0,0.0,2.0,2.0,11.74,0.0,11.74,11.74,0.0,0.0,0.0,0.0
4_Load_Rate_10,self_healing,9.09,0.0,9.09,9.09,90.91,0.0,90.91,90.91,2.33,0.0,2.33,2.33,68.27,0.0,68.27,68.27,1.05,0.0,1.05,1.05
4_Load_Rate_15,self_healing,9.2,0.0,9.2,9.2,90.8,0.0,90.8,90.8,2.33,0.0,2.33,2.33,102.4,0.0,102.4,102.4,1.05,0.0,1.05,1.05
4_Load_Rate_2,self_healing,9.09,0.0,9.09,9.09,90.91,0.0,90.91,90.91,2.33,0.0,2.33,2.33,13.65,0.0,13.65,13.65,1.05,0.0,1.05,1.05
5_Fault_At_t_15,self_healing,9.42,0.0,9.42,9.42,90.58,0.0,90.58,90.58,2.23,0.0,2.23,2.23,34.13,0.0,34.13,34.13,1.05,0.0,1.05,1.05
5_Fault_At_t_5,self_healing,8.7,0.0,8.7,8.7,91.3,0.0,91.3,91.3,2.43,0.0,2.43,2.43,34.41,0.0,34.41,34.41,1.05,0.0,1.05,1.05
