scenario,trial,routing_mode,packet_rate,failure_time,packets_sent,packets_received,packets_lost,packet_loss_pct,pdr_pct,avg_delay,throughput_kbps,recovery_time
1_Normal_No_Failure,1,self_healing,5.0,999.0,141,141,0,0.0,100.0,2.0,38.5,0.0
1_Normal_No_Failure,2,self_healing,5.0,999.0,141,141,0,0.0,100.0,2.0,38.5,0.0
1_Normal_No_Failure,3,self_healing,5.0,999.0,141,141,0,0.0,100.0,2.0,38.5,0.0
1_Normal_No_Failure,4,self_healing,5.0,999.0,141,141,0,0.0,100.0,2.0,38.5,0.0
1_Normal_No_Failure,5,self_healing,5.0,999.0,141,141,0,0.0,100.0,2.0,38.5,0.0
2_Standard_Self_Healing,1,self_healing,5.0,10.0,138,125,13,9.42,90.58,2.328,34.13,1.05
2_Standard_Self_Healing,2,self_healing,5.0,10.0,138,125,13,9.42,90.58,2.328,34.13,1.05
2_Standard_Self_Healing,3,self_healing,5.0,10.0,138,125,13,9.42,90.58,2.328,34.13,1.05
2_Standard_Self_Healing,4,self_healing,5.0,10.0,138,125,13,9.42,90.58,2.328,34.13,1.05
2_Standard_Self_Healing,5,self_healing,5.0,10.0,138,125,13,9.42,90.58,2.328,34.13,1.05
3_Standard_Static_Baseline,1,static,5.0,10.0,146,43,103,70.55,29.45,2.0,11.74,0.0
3_Standard_Static_Baseline,2,static,5.0,10.0,146,43,103,70.55,29.45,2.0,11.74,0.0
3_Standard_Static_Baseline,3,static,5.0,10.0,146,43,103,70.55,29.45,2.0,11.74,0.0
3_Standard_Static_Baseline,4,static,5.0,10.0,146,43,103,70.55,29.45,2.0,11.74,0.0
3_Standard_Static_Baseline,5,static,5.0,10.0,146,43,103,70.55,29.45,2.0,11.74,0.0
4_Load_Rate_2,1,self_healing,2.0,10.0,55,50,5,9.09,90.91,2.33,13.65,1.05
4_Load_Rate_2,2,self_healing,2.0,10.0,55,50,5,9.09,90.91,2.33,13.65,1.05
4_Load_Rate_2,3,self_healing,2.0,10.0,55,50,5,9.09,90.91,2.33,13.65,1.05
4_Load_Rate_2,4,self_healing,2.0,10.0,55,50,5,9.09,90.91,2.33,13.65,1.05
4_Load_Rate_2,5,self_healing,2.0,10.0,55,50,5,9.09,90.91,2.33,13.65,1.05
4_Load_Rate_10,1,self_healing,10.0,10.0,275,250,25,9.09,90.91,2.328,68.27,1.05
4_Load_Rate_10,2,self_healing,10.0,10.0,275,250,25,9.09,90.91,2.328,68.27,1.05
4_Load_Rate_10,3,self_healing,10.0,10.0,275,250,25,9.09,90.91,2.328,68.27,1.05
4_Load_Rate_10,4,self_healing,10.0,10.0,275,250,25,9.09,90.91,2.328,68.27,1.05
4_Load_Rate_10,5,self_healing,10.0,10.0,275,250,25,9.09,90.91,2.328,68.27,1.05
4_Load_Rate_15,1,self_healing,15.0,10.0,413,375,38,9.2,90.8,2.3293,102.4,1.05
4_Load_Rate_15,2,self_healing,15.0,10.0,413,375,38,9.2,90.8,2.3293,102.4,1.05
4_Load_Rate_15,3,self_healing,15.0,10.0,413,375,38,9.2,90.8,2.3293,102.4,1.05
4_Load_Rate_15,4,self_healing,15.0,10.0,413,375,38,9.2,90.8,2.3293,102.4,1.05
4_Load_Rate_15,5,self_healing,15.0,10.0,413,375,38,9.2,90.8,2.3293,102.4,1.05
5_Fault_At_t_5,1,self_healing,5.0,5.0,138,126,12,8.7,91.3,2.4286,34.41,1.05
5_Fault_At_t_5,2,self_healing,5.0,5.0,138,126,12,8.7,91.3,2.4286,34.41,1.05
5_Fault_At_t_5,3,self_healing,5.0,5.0,138,126,12,8.7,91.3,2.4286,34.41,1.05
5_Fault_At_t_5,4,self_healing,5.0,5.0,138,126,12,8.7,91.3,2.4286,34.41,1.05
5_Fault_At_t_5,5,self_healing,5.0,5.0,138,126,12,8.7,91.3,2.4286,34.41,1.05
5_Fault_At_t_15,1,self_healing,5.0,15.0,138,125,13,9.42,90.58,2.228,34.13,1.05
5_Fault_At_t_15,2,self_healing,5.0,15.0,138,125,13,9.42,90.58,2.228,34.13,1.05
5_Fault_At_t_15,3,self_healing,5.0,15.0,138,125,13,9.42,90.58,2.228,34.13,1.05
5_Fault_At_t_15,4,self_healing,5.0,15.0,138,125,13,9.42,90.58,2.228,34.13,1.05
5_Fault_At_t_15,5,self_healing,5.0,15.0,138,125,13,9.42,90.58,2.228,34.13,1.05
